Dept_ID,Dname
1,Amy Plaza Division
2,Mary Plain Division
3,Jessica Creek Division
4,Amy Oval Division
5,Johnson Points Division
6,Mathis Turnpike Division
7,Mary Curve Division
8,Arellano Spring Division
9,Richard Loaf Division
10,Matthew Port Division
11,Edwards Key Division
12,Gina Green Division
13,Rice Pines Division
14,Crystal Road Division
15,Hudson Island Division
16,Tammy Ville Division
17,Brian Shores Division
18,Roman Spurs Division
19,Hopkins Crossing Division
20,Corey Prairie Division
21,Moore Ford Division
22,Obrien Green Division
23,Castillo Dam Division
24,Marilyn Viaduct Division
25,Smith Junctions Division
26,Dudley Cove Division
27,Coleman Ramp Division
28,Jennifer Creek Division
29,Marvin Wells Division
30,Wiggins Pike Division
31,Bowman Fort Division
32,Montgomery Lake Division
33,Michael Mission Division
34,Brittany Courts Division
35,Lara Hills Division
36,George Curve Division
37,Christopher Cliffs Division
38,Jones Flat Division
39,Stein Route Division
40,David Hollow Division
41,Davis Underpass Division
42,Jones Estates Division
43,Garcia Brook Division
44,Todd Fort Division
45,Herring Mountains Division
46,Nancy Gardens Division
47,Chaney Mall Division
48,Carlson Stream Division
49,Roberts Flat Division
50,Scott Centers Division
51,Bennett Drives Division
52,Stevenson Fork Division
53,Smith Divide Division
54,Jasmine Rue Division
55,Adam Underpass Division
56,Thomas Fall Division
57,Scott Shores Division
58,Green Creek Division
59,Jennifer Corners Division
60,Johnson Common Division
61,Kyle Glens Division
62,Obrien Junction Division
63,Perez Harbors Division
64,Albert Flats Division
65,Diana Station Division
66,Miller Courts Division
67,Amy Cliffs Division
68,Cervantes Alley Division
69,Mills Centers Division
70,Carlson Junction Division
71,Evans Squares Division
72,Dean Curve Division
73,Hancock Field Division
74,Brandon Grove Division
75,Galloway Mission Division
76,Eric Plain Division
77,Anderson Way Division
78,Ramos Village Division
79,Connor Drives Division
80,Tara Points Division
81,Erik Ports Division
82,Moody Trace Division
83,Joshua Via Division
84,Wu Rapid Division
85,Karen Run Division
86,Adkins Mall Division
87,Clark Shore Division
88,Bates Coves Division
89,Kathy Roads Division
90,Michael Park Division
91,Thompson Wells Division
92,Paul Viaduct Division
93,Hancock Highway Division
94,Hicks Grove Division
95,Cunningham Island Division
96,Randy Garden Division
97,Johnson Harbors Division
98,Richard Ridges Division
99,Jennifer Road Division
100,Teresa Radial Division
