SIN,Birth_date,FName,LName,Phone,Email
355 861 402,1987-03-10,Hailey,Smith,1-808-143-7672,lindseyphyllis@example.org
677 211 302,1975-08-26,Jaclyn,Owens,+1 (459) 056-3787,weaverjames@example.com
607 744 315,2006-05-30,Richard,Rogers,(772) 939-0614,toddparker@example.com
273 814 038,1994-02-23,David,Gardner,524-529-1892,mitchellcorey@example.org
178 220 760,2001-10-09,Sherry,Wise,821-661-1656,jonesrebecca@example.com
771 461 068,2000-10-17,Joel,Wagner,177-463-5007,lewisderek@example.com
064 418 270,1998-01-16,Steven,Goodwin,758-669-9646 x721,bryan74@example.com
372 388 124,1991-08-29,Rachel,Mclean,658-534-2416,zsmith@example.net
072 613 722,1990-03-21,Kathleen,Watson,782-622-6955 x219,ricky75@example.org
532 044 385,1999-03-15,Ricky,Mclaughlin,(896) 972-2927,deckerdaniel@example.com
057 322 372,1982-01-19,Madison,Bailey,252.764.3842,mcmillandavid@example.org
584 461 164,1981-12-07,Richard,Love,1-745-947-2217,hernandezleonard@example.org
037 527 868,1992-08-14,Tiffany,Stewart,(549) 116-7180,onguyen@example.com
511 288 607,1977-03-08,Tiffany,Vasquez,(891) 062-5962 x329,heidimeyer@example.net
120 671 839,1995-07-10,Michael,Valdez,559 546 2878,tsmith@example.com
337 705 222,1976-11-27,Michael,Ramirez,989 864 2039,bakerterrance@example.net
177 104 460,1987-11-25,Jennifer,Wells,(166) 247-1174 x679,ldelgado@example.org
821 058 260,1981-12-26,Alexis,Robinson,669-331-7283 x808,jermaine93@example.net
823 860 119,1979-01-25,Courtney,Hall,495-543-5329 x492,clarkshelia@example.net
117 743 302,1995-07-02,Bryan,Barnett,+1 (253) 510-7278,mboone@example.org
134 706 886,2001-11-01,Sandra,Shepard,(380) 589-5756,igilbert@example.net
238 740 187,1978-12-18,Jonathan,Diaz,1 (172) 753-9230,williamwilcox@example.net
162 280 689,1999-10-03,Michael,Hart,101.863.2686,jwilliams@example.org
876 211 061,1991-04-22,Lindsey,Peck,+1 (351) 809-2017,hernandezjason@example.org
026 776 252,1970-02-08,Lisa,Ross,117-423-6682,fvaldez@example.com
052 688 520,1980-09-21,Jennifer,Wilson,(831) 371-8677 x668,orteganicole@example.com
243 345 071,1977-05-06,Aaron,Kent,+1 (629) 960-5045,sanderserin@example.net
760 325 548,1970-04-12,Tyler,Price,+1 (367) 636-3272,scottlisa@example.net
770 185 338,1998-03-29,David,Newton,(627) 903-0765 x380,james60@example.com
410 458 350,2007-09-26,Jennifer,Webb,979 906 8061,smithmichael@example.com
557 103 868,2001-01-17,Briana,Hall,742-243-6476 x572,dawnbennett@example.net
465 461 101,1978-03-17,Michelle,Conner,824.379.8321,antonio43@example.net
538 228 057,1993-06-28,Cheryl,Arnold,618-308-1923 x821,carla01@example.org
465 088 235,1984-10-29,Kyle,West,(936) 735-6930 x404,jacquelinejackson@example.org
165 261 744,1973-02-18,Paula,Jackson,1-690-077-2991,brian62@example.org
088 661 558,1998-09-27,Laura,Miller,382-921-2957,robertlozano@example.net
532 580 727,2007-03-27,Ana,Hernandez,1-213-874-3736,rileyrandy@example.com
673 180 485,2000-08-10,Danielle,Sparks,696-454-0638 x369,ujacobson@example.org
332 548 502,1989-07-18,Lisa,Moore,1 (170) 524-0758,millersandra@example.com
508 213 287,1984-06-05,Ebony,Russo,1 (266) 976-9619,samuel75@example.com
521 388 306,1980-10-13,Leah,Chen,+1 (482) 971-7627,bridgetwoods@example.org
541 660 288,1978-03-04,Erica,Alexander,(546) 108-4100,sherri89@example.net
450 453 717,1986-12-10,Kenneth,James,(948) 024-2407 x518,simpsonpaula@example.net
233 772 052,1994-11-28,Janice,Smith,(367) 626-4648 x469,benjamin55@example.org
134 851 344,1985-02-28,Adam,Roberts,+1 (638) 489-0061,abbottmary@example.org
057 431 520,1993-04-24,Daniel,Smith,(754) 679-3102,brandon34@example.net
105 148 340,1981-03-21,Stephen,Robbins,1-781-996-7480,kristopherlang@example.com
810 768 168,2004-07-12,Paul,Mitchell,386.291.1750,amanda09@example.net
546 618 224,1994-06-21,Sarah,Sampson,(874) 389-5943,yujustin@example.net
332 018 829,1993-10-14,Stephanie,Perez,929 898 8278,josephmeyers@example.net
853 203 586,1996-01-24,Mark,Mcguire,+1 (234) 099-4556,williamsmatthew@example.com
338 150 725,1980-04-05,Kristin,Hodge,922-110-4821 x060,iyoung@example.net
265 468 108,1984-04-02,Andrea,Mcgee,(490) 307-2180 x114,april65@example.org
820 133 775,1998-08-02,Jesse,Washington,628 669 6231,smithrobert@example.net
184 760 247,1992-08-31,Christina,Hanson,438 568 2288,umiller@example.org
745 012 260,1977-12-22,Elizabeth,Johnson,434 970 0601,hayesrebecca@example.com
342 270 139,2000-04-24,Nicole,Sanchez,(735) 795-0912,kelly99@example.net
586 104 457,1975-07-25,Chad,Scott,(888) 002-7327 x525,egarcia@example.com
227 537 644,1979-02-28,Ian,Brown,1 (527) 698-3511,ryan01@example.org
130 844 517,1973-12-29,Donna,Allen,362.596.0813,nflores@example.net
866 822 554,2001-05-12,Andrew,Mitchell,355 362 6644,peterroberts@example.com
582 334 025,2006-08-03,Sandra,Olson,360 823 6024,patrick29@example.org
246 556 088,2004-12-21,Christopher,Jordan,231-459-4925 x991,phunter@example.net
564 160 182,1973-04-16,Aimee,Cruz,591-479-3900,kimberlykelly@example.net
688 625 474,1995-11-23,Pamela,Andrews,+1 (213) 117-9195,pdunlap@example.net
114 887 664,1975-02-28,Katelyn,Carter,167-757-3599 x521,huffdeborah@example.com
628 507 386,1973-10-20,Rhonda,Nelson,139-348-4215,teresastanley@example.org
103 452 280,1991-02-20,Cassandra,Morgan,378-950-1016 x380,victoria73@example.net
860 158 138,1976-11-18,Jennifer,Becker,(531) 626-5095 x460,clementschristina@example.com
044 331 759,1983-03-23,Jennifer,Martinez,1 (633) 055-2976,lisacox@example.com
372 805 440,2000-07-01,Krista,Oneal,(999) 203-1385,tyler82@example.org
460 351 182,1980-12-12,Jill,Adams,1 (557) 533-0669,kathleenperez@example.com
243 503 588,2004-05-19,Christina,Peters,1-326-216-0370,carolyn47@example.com
553 172 032,1975-09-22,Henry,West,313 985 1113,teresasmith@example.net
720 316 249,1982-06-20,Alice,Ochoa,541-857-3167,vedwards@example.net
317 317 444,2000-01-18,Meredith,Green,279-226-9008,william22@example.net
865 561 708,2002-03-04,Jessica,Alvarez,624-919-3274 x707,hjones@example.com
546 205 261,1982-05-31,Rachel,Johnson,(163) 919-1194,sarahgalloway@example.org
473 310 282,1974-02-26,Karen,French,807-152-7101,christinagreen@example.net
357 044 619,1992-08-16,Danielle,Montgomery,359-641-3719 x330,jthompson@example.com
172 672 602,1987-03-24,Natalie,Dorsey,289-064-3353 x468,xsanchez@example.org
014 583 371,1970-02-17,Jeffrey,Brady,929 328 3367,lfernandez@example.net
745 260 257,1994-04-30,Dawn,Moyer,+1 (883) 129-9540,jessica05@example.net
562 573 808,1975-01-19,Thomas,Walker,712 679 4503,jjones@example.net
476 430 756,2000-04-28,Larry,Spencer,400-195-7459 x031,pam76@example.com
344 503 586,2005-02-03,Jasmine,Tucker,862.651.4927,barrettwendy@example.org
640 835 278,1985-02-01,Janet,Vargas,1-760-460-4926,criley@example.com
332 205 871,2002-06-29,Erica,Norton,940-155-8209 x921,gloverdesiree@example.com
406 411 587,1990-11-04,Nicholas,Schwartz,1 (674) 572-5899,matthewjohnson@example.org
850 228 537,1982-08-11,Tammy,Cochran,1 (705) 902-2041,hollybarrera@example.org
120 677 836,2007-09-29,Adam,Rollins,1-472-284-9601,thompsonmichelle@example.org
807 331 129,1981-09-06,Patricia,Summers,213-760-0756 x714,huangrobert@example.org
038 146 551,2001-09-14,Mark,Yates,(771) 607-1071 x258,amanda60@example.org
726 725 344,1977-10-10,Robert,Reyes,182-494-3502 x158,james21@example.org
374 381 705,2002-03-15,Katie,Hendricks,(891) 757-7653,gdean@example.com
146 830 229,2008-04-26,David,Perez,1 (220) 590-9784,owensrachel@example.net
253 748 800,1985-05-25,Cory,Pham,1 (431) 732-4381,barryjames@example.net
752 447 300,2003-04-05,Cory,Pratt,(750) 311-2676 x232,cathy13@example.org
410 538 649,1972-06-12,William,Hubbard,+1 (408) 295-2776,fisherpatrick@example.net
504 885 260,1995-11-14,Zachary,Aguirre,638 399 5434,ronaldking@example.net
